﻿{"cameraMode":{"drawMode":0,"name":"Shaded","section":"Shading Mode"},"sceneLighting":false,"audioPlay":false,"sceneViewState":{"showFog":true,"showMaterialUpdate":false,"showSkybox":false,"showFlares":true,"showImageEffects":true,"showParticleSystems":true},"in2DMode":false,"pivot":{"x":0.0,"y":0.7145252227783203,"z":-2.497333288192749},"rotation":{"x":-0.32206690311431887,"y":0.2348785549402237,"z":-0.08282119780778885,"w":-0.9133704900741577},"size":11.261228561401368,"orthographic":false}