﻿{"cameraMode":{"drawMode":0,"name":"Shaded","section":"Shading Mode"},"sceneLighting":false,"audioPlay":false,"sceneViewState":{"showFog":true,"showMaterialUpdate":false,"showSkybox":true,"showFlares":true,"showImageEffects":true,"showParticleSystems":true},"in2DMode":false,"pivot":{"x":27.918655395507814,"y":64.01045989990235,"z":-33.93119812011719},"rotation":{"x":0.2353011965751648,"y":-0.14658725261688233,"z":0.035924121737480167,"w":0.9601327776908875},"size":8.317245483398438,"orthographic":false}