﻿{"cameraMode":{"drawMode":0,"name":"Shaded","section":"Shading Mode"},"sceneLighting":false,"audioPlay":false,"sceneViewState":{"showFog":true,"showMaterialUpdate":false,"showSkybox":false,"showFlares":true,"showImageEffects":true,"showParticleSystems":true},"in2DMode":false,"pivot":{"x":596.856689453125,"y":304.6829833984375,"z":-2.638897657394409},"rotation":{"x":-0.10506489127874375,"y":-0.030727678909897805,"z":0.003247689688578248,"w":-0.9939852356910706},"size":2.8578836917877199,"orthographic":false}