﻿{"cameraMode":{"drawMode":0,"name":"Shaded","section":"Shading Mode"},"sceneLighting":false,"audioPlay":false,"sceneViewState":{"showFog":true,"showMaterialUpdate":false,"showSkybox":false,"showFlares":true,"showImageEffects":true,"showParticleSystems":true},"in2DMode":false,"pivot":{"x":2.9802322387695315e-8,"y":-2.9802322387695315e-8,"z":0.0},"rotation":{"x":-0.20731410384178163,"y":0.6918206810951233,"z":-0.21856525540351869,"w":-0.6562272906303406},"size":9.5674409866333,"orthographic":false}