﻿{"cameraMode":{"drawMode":0,"name":"Shaded","section":"Shading Mode"},"sceneLighting":false,"audioPlay":false,"sceneViewState":{"showFog":true,"showMaterialUpdate":false,"showSkybox":false,"showFlares":true,"showImageEffects":true,"showParticleSystems":true},"in2DMode":false,"pivot":{"x":-1515.6141357421875,"y":589.020263671875,"z":794.182861328125},"rotation":{"x":0.09559417515993118,"y":0.8293188214302063,"z":-0.14962513744831086,"w":0.5298154354095459},"size":9.567523002624512,"orthographic":false}