﻿{"cameraMode":{"drawMode":0,"name":"Shaded","section":"Shading Mode"},"sceneLighting":false,"audioPlay":false,"sceneViewState":{"showFog":true,"showMaterialUpdate":false,"showSkybox":false,"showFlares":true,"showImageEffects":true,"showParticleSystems":true},"in2DMode":false,"pivot":{"x":72.42797088623047,"y":-0.4315476417541504,"z":51.316429138183597},"rotation":{"x":0.14552561938762666,"y":0.7960601449012756,"z":-0.21134252846240998,"w":0.548128604888916},"size":5.857884883880615,"orthographic":false}