﻿{"cameraMode":{"drawMode":0,"name":"Shaded","section":"Shading Mode"},"sceneLighting":false,"audioPlay":false,"sceneViewState":{"showFog":true,"showMaterialUpdate":false,"showSkybox":false,"showFlares":true,"showImageEffects":true,"showParticleSystems":true},"in2DMode":false,"pivot":{"x":1219.668212890625,"y":168.66973876953126,"z":-734.1185302734375},"rotation":{"x":-0.013806714676320553,"y":-0.9202871918678284,"z":0.3896385133266449,"w":-0.03259994462132454},"size":579.44921875,"orthographic":false}